{
    "home": [
        1.3348536491394043,
        -1.6144734821715296,
        1.5730488936053675,
        -1.5615404548919578,
        -1.5539191404925745,
        -0.2927349249469202
    ],
    "pickup": [
        [
            1.0490845441818237,
            -1.2347015899470826,
            1.8862054983722132,
            -2.2256490192809046,
            -1.5525544325457972,
            1.0632829666137695
        ],
        [
            1.0636930465698242,
            -1.1893766087344666,
            1.8074825445758265,
            -2.1872321567931117,
            -1.5328400770770472,
            1.0603461265563965
        ],
        [
            1.114319086074829,
            -1.1392197769931336,
            1.7042668501483362,
            -2.1286589107909144,
            -1.5964182058917444,
            1.5022380352020264
        ],
        [
            1.114319086074829,
            -1.1392197769931336,
            1.7042668501483362,
            -2.1286589107909144,
            -1.5964182058917444,
            1.5022380352020264
        ]
    ],
    "VP_interm": [
        1.1170587539672852,
        -1.4987735611251374,
        1.561568562184469,
        -1.6459490261473597,
        -1.552575413380758,
        1.0632418394088745
    ],
    "stir_interm": [
        1.3536285161972046,
        -1.5596089049107213,
        1.9042213598834437,
        -1.9661885700621546,
        -1.5563834349261683,
        -0.28846770921816045
    ],
    "stirer": [
        1.3533833026885986,
        -1.4901131105474015,
        1.9040244261371058,
        -1.9773227177061976,
        -1.5557358900653284,
        -0.28849822679628545
    ],
    "camera": [
        1.5405631065368652,
        -1.9327041111388148,
        2.2914238611804407,
        -1.9269162617125453,
        -1.5510247389422815,
        -0.29272157350649053
    ],
    "end_interm": [
        [
            1.6700143814086914,
            -1.1888567966273804,
            1.689509693776266,
            -2.0677505932249964,
            -1.5356534163104456,
            -0.2683914343463343
        ],
        [
            1.650180459022522,
            -1.11443583786998,
            1.666863743458883,
            -2.122789045373434,
            -1.4902318159686487,
            -0.27125436464418584
        ],
        [
            1.6799054145812988,
            -1.0675780934146424,
            1.5524652639972132,
            -2.053753515283102,
            -1.5616729895221155,
            -0.2901495138751429
        ],
        [
            1.668087124824524,
            -1.0212004345706482,
            1.4788315931903284,
            -2.0429655514159144,
            -1.541999642048971,
            -0.29016143480409795
        ]
    ],
    "end": [
        [
            1.6830980777740479,
            -1.1380524200252076,
            1.7275798956500452,
            -2.1436130009093226,
            -1.5491254965411585,
            1.0660600662231445
        ],
        [
            1.6921695470809937,
            -1.09274776399646,
            1.6587136427508753,
            -2.1459037266173304,
            -1.5800240675555628,
            3.6227357387542725
        ],
        [
            1.6935619115829468,
            -1.0261858862689515,
            1.5369141737567347,
            -2.0552860699095667,
            -1.5954092184649866,
            4.359703063964844
        ],
        [
            1.6784923076629639,
            -0.9912229341319581,
            1.4889605681048792,
            -2.076402326623434,
            -1.5669849554644983,
            4.669535160064697
        ]
    ]
}